«апрос,√руппа,,–елевантность страницы,Wordstat,яндекс,Google,
горы,ќЅўјя,,43%,2256225,100+,100+,500
забронировать гостиницу,ќЅўјя,,5%,20100,100+,100+,100
забронировать номер,ќЅўјя,,7%,22986,100+,100+,100
лучшие отели в горах,ќЅўјя,,14%,836,100+,100+,100
номер,ќЅўјя,,37%,41705713,100+,100+,900
норвеги€ отели в горах,ќЅўјя,,15%,39,100+,100+,100
норвеги€ отель панорама,ќЅўјя,,18%,24,100+,100+,100
отдых,ќЅўјя,,23%,6757696,100+,100+,600
отели в норвегии,ќЅўјя,,16%,391,100+,100+,100
отели все включено,ќЅўјя,,10%,325807,100+,100+,120
отели все включено,ќЅўјя,,10%,325807,100+,100+,120
отели с видом на горы,ќЅўјя,,13%,2341,100+,100+,100
отель,ќЅўјя,,51%,13038466,100+,100+,100
отель +с бассейном,ќЅўјя,,18%,0,100+,100+,170
отель зима,ќЅўјя,,"14,00%",17541,100+,100+,100
отель на горе,ќЅўјя,,20%,5303,100+,100+,100
отель номера,ќЅўјя,,33%,14464,100+,100+,100
отель развлечени€,ќЅўјя,,20%,14223,100+,100+,100
отель сезоны,ќЅўјя,,20%,13432,100+,100+,100
отель стоимость,ќЅўјя,,24%,11546,100+,100+,100
стоимость,ќЅўјя,,18%,12814925,100+,100+,700
